ID,Component,Mfr / Part #,Subsystem,Qty,Unit,Status,QD v1 Use,Key Specs / Notes,Supplier,Source / Order,Photo,Allocation / Reuse
1,Raspberry Pi 3,Raspberry Pi 3,Compute,1,board,In hand (photo),Core,CanaKit Complete Starter Kit (32GB). Model B/B+ - confirm (Q5). ~26 usable GPIO; I2C/SPI/I2S/PWM. Comes OUT of CanaKit case -> M2.5 standoffs (F7). Enclosed-body heat -> F15. SD-corruption on power-loss -> F14.,CanaKit,CanaKit kit X0001YXAG7L,Thread (doc shot),Committed: QD v1
2,Pi Global Shutter Camera (wide-angle),Raspberry Pi GS,Sensing,1,unit,In hand (invoice),Core,"Global Shutter, CS-mount (PID 5702). 6mm wide lens + 24in flex now logged separately. Confirmed.",DigiKey,DK/Adafruit 3635011 (18 Feb 2026),Mfr ref,Committed: QD v1
3,ToF distance sensor VL53L4CD,Adafruit 5396 (VL53L4CD),Sensing,2,unit,In hand (invoice),Core,"STEMMA QT breakout, ~1-1300mm. Both addr 0x29 -> isolate via PCA9548 mux. Ridge-mounted, flank camera.",DigiKey,DK/Adafruit 3635011 (18 Feb 2026),Mfr ref,Committed: QD v1
4,"47:1 Metal Gearmotor 25Dx67L LP 12V, 48 CPR encoder",Pololu 4885,Drive,2,unit,In hand (photo),Core,"12V LP, stall 0.9A, free-run 60mA. 4mm D-shaft. Enc: 2248.86 cts/output-rev. ENCODER Vcc 3.5-20V, outputs swing to Vcc — see Flag F1.",Pololu,Pololu SO 1J584435 (24 Apr 2026),Mfr ref,Committed: QD v1
5,"Multi-Hub Wheel 80x10mm, 3/4mm inserts, black",Pololu 3690,Drive,2,wheel (1x 2-pack),In hand (photo),Core — verify vs TPU plan,4mm insert fits motor shaft. 80mm dia > 72mm body height — see Flag F2. Locked design called for printed TPU wheels.,Pololu,Pololu SO 1J584435,Mfr ref,Committed: QD v1
6,TB6612FNG Dual Motor Driver Carrier,Pololu 713,Drive,1,board,In hand (photo),Core,1.2A cont / 3.2A peak per ch. Survives 0.9A LP stall. VMOT max 13.5V > 12.6V pack OK. Needs PWMx2+4 dir+STBY GPIO.,Pololu,Pololu SO 1J584435,Mfr ref,Committed: QD v1
7,"Ball Caster, 1in plastic ball + bearings",Pololu 2692,Drive,1,unit,In hand (photo),Core,3rd contact point -> differential drive. Caster+shim height must match wheel axle for level deck — see Flag F2.,Pololu,Pololu SO 1J584435,Mfr ref,Committed: QD v1
8,D24V22F5 — 5V 2.5A Step-Down Regulator,Pololu 2858,Power,1,board,In hand (photo),Core,Buck for Pi/logic 5V rail. Input from 3S pack stays >5V across full discharge — no brownout.,Pololu,Pololu SO 1J584435,Mfr ref,Committed: QD v1
9,"Blade fuse assortment (ATO/ATC), 120pc",Generic,Power,1,kit,In hand (photo),Core (5-7.5A); rest spare,5/7.5/10/15/20/25/30A. QD main fuse = 5A or 7.5A. 15A+ would pass enough to melt small wiring — do not use.,Amazon,Batch photo,Thread (doc shot),Committed: QD v1
10,"Inline blade fuse holder, ~16AWG leads",Generic ATO,Power,10,unit,In hand (photo),Core (x1); 9 spare,One installed in pack +lead. Standard ATO size. ~16AWG leads vs 22AWG bus — bracket both in crimp.,Amazon,Batch photo,Thread (doc shot),Committed: QD v1
11,"XT60H connectors, M+F, w/ insulating caps",Generic XT60H,Power,10,pair (tentative),In hand (photo),Core (x1); spare,COUNT UNCONFIRMED. 60A rated (>>4A draw). Solder-cup — fill cup for 22AWG. Female on battery side.,Amazon,Batch photo (X00298J8CN),Thread (doc shot),Committed: QD v1
12,Zeee 3S 2200mAh 50C LiPo (XT60),Zeee,Power,2,pack,In hand (photo),Core (x1 + swap/spare),11.1V nom / 12.6V full / 24.42Wh. Ships XT60 (matches XT60H). STORE at 3.8V/cell between sessions. See Flags F3 (runtime LVC) + F2 (CG).,Amazon,Batch photo (X003R393X3),Thread (doc shot),Committed: QD v1
13,SKYRC iMAX B6AC V2 balance charger/discharger,SKYRC,Power / Support,1,unit,In hand (photo),Support equip (off-board),"AC/DC, 6A chg / 2A dischg, LiPo 1-6S. Balances 3S. Has STORAGE mode (3.8V/cell). Charge 3S at ~2.2A (1C), not 6A. Needs XT60 charge lead — see Flag F5.",Amazon,Batch photo,Thread (doc shot),Bench equipment
14,DaierTek KCD1-101 SPST rocker switch + spade pigtails,DaierTek KCD1-101,Power / Control,10,unit,In hand (photo),Core (x1); 9 spare,~6A. On/off between runs (saves XT60 cycles). Needs ~19x13mm panel cutout NOT in locked CAD — see Flag F4. Wire: fuse upstream of switch.,Amazon,Batch photo (X0026LFTL7),Thread (doc shot),Committed: QD v1
15,"Fermerry 22AWG stranded silicone hookup wire, 6 colors",Fermerry,Wiring,150,ft (25ft x6),In hand (photo),Core,Silicone = good for v1.5 ridge flex. 22AWG fine everywhere; thinnest acceptable on pack +lead (consider 20/18AWG there).,Amazon,Batch photo (B089D29FHC),Thread (doc shot),Committed: QD v1
16,JST-XH 2.54mm connector kit (2P-10P) + pre-crimped silicone leads,elechawk,Wiring,1,kit,In hand (photo),Core,Body-to-ridge bus connector family. Inherently keyed. 6P = locked spec; 8P available if upsizing — but mux may collapse to 4-wire I2C. See Flag F6.,Amazon,Batch photo,Thread (doc shot),Committed: QD v1
17,"Heat-shrink tubing kit, 2:1, 1-8mm, 580pc",Ginsco,Wiring,1,kit,In hand (photo),Core (consumable),"-55 to +125C. Non-adhesive. Needs a HEAT GUN, not a lighter — confirm one is owned (tool note).",Amazon,Batch photo (X004BR2OM1),Thread (doc shot),Committed: QD v1
18,"M2.5 brass standoff/screw/nut kit, 100pc",Geekworm,Compute / Mounting,2,kit (tentative),In hand (photo),Core,COUNT TENTATIVE (1 open + 1 sealed). M2.5 = Pi standard (chassis is M3 — two fastener systems). Mount method undecided — see Flag F7.,Amazon (geekworm),Batch photo (X001K0GBSF),Thread (doc shot),Committed: QD v1
19,STEMMA QT JST-SH 4-pin to male header cable,Adafruit 4209,Wiring / Sensor,4,cable,In hand (records/slip),Core,Breaks STEMMA QT I2C out to header pins (e.g. to Pi).,DigiKey,DK SO 97540383 (24 Feb 2026),Mfr ref,Committed: QD v1
20,"STEMMA QT / Qwiic JST-SH 4-pin cable, 150mm",Adafruit 4397,Wiring / Sensor,4,cable,In hand (records/slip),Core,Plug-and-play I2C chaining. JST-SH (1.0mm) — small; NOT ideal for flex joint vs JST-XH. See Flag F6.,DigiKey,DK SO 97540383,Mfr ref,Committed: QD v1
21,"PMSA003I Air-Quality (PM2.5) sensor, STEMMA QT",Adafruit 4632,Sensing,1,unit,In hand (records/slip),Later (v1.5+),I2C particulate sensor — new environmental modality. Scope question vs locked v1 — see Flag F8.,DigiKey,DK SO 97540383,Mfr ref,QD v1.5+ / reusable
22,"PCA9548 8-channel I2C multiplexer, STEMMA QT",Adafruit 5626,Sensing / Infra,2,board,In hand (records/slip),Core (infrastructure),Resolves ToF 0x29 address collision. One in ridge can collapse body-to-ridge run to 4-wire I2C. See Flag F6.,DigiKey,DK SO 97540383,Mfr ref,Committed: QD v1
23,"Magnetic reed contact switch, SPST-NO w/ leads",Adafruit 375,Sensing,4,unit,In hand (records/slip),Later / TBD,"Reed + magnet (NOT vibration sensor). Possible use: swappable front-module presence/keying, or hatch sense. Confirm intent.",DigiKey,DK SO 97540383,Mfr ref,QD v1.5+ / reusable
24,BNO085 9-DOF Orientation IMU (fusion),Adafruit 4754,Sensing,2,board,In hand (records/slip),Core (x1) + 2nd TBD,Proprioception — addresses tip-over (F2). Known Pi I2C clock-stretch issue: use UART-RVC/SPI — see Flag F10. 2nd unit: body+ridge or spare? (open Q).,DigiKey,DK SO 97540383,Mfr ref,Committed: QD v1
25,SPH0645LM4H I2S MEMS microphone,Adafruit 3421,Sensing,2,board,In hand (records/slip),Later (v1.5+),AUDIO via I2S (not I2C) — separate Pi bus/GPIO. Two = stereo. PCM peripheral conflicts w/ WS2812 LED — see Flag F9.,DigiKey,DK SO 97540383,Mfr ref,QD v1.5+ / reusable
26,Adafruit KB2040 (RP2040) co-processor,Adafruit 5302,Compute,1,board,In hand (invoice),Core? (decision),"RP2040 MCU (free w/ order). Candidate real-time co-pro: Layer-1 reflex (deterministic), PIO quadrature for encoders, PIO WS2812 (sidesteps F9), I2S. Architecture decision -> Flag F11.",Adafruit/DigiKey,DK/Adafruit 3635011 (18 Feb 2026),Mfr ref,Committed: QD v1
27,BSS138 4-ch I2C-safe logic level converter,Adafruit 757,Wiring / Infra,1,board,In hand (invoice),Core,RESOLVES F1. 4 ch = 2 encoders x A/B. Encoder Vcc 5V -> BSS138 -> 3.3V Pi.,Adafruit/DigiKey,DK/Adafruit 3635011 (18 Feb 2026),Mfr ref,Committed: QD v1
28,ADS1115 16-bit 4-ch ADC (PGA),Adafruit 1085,Sensing / Infra,2,board,In hand (invoice),Core (1),Adds analog input to Pi (Pi has none). Enables F3: read pack V via divider for runtime low-voltage cutoff. Addr 0x48-0x4B strappable (2 coexist).,Adafruit/DigiKey,DK/Adafruit 3635011 (18 Feb 2026),Mfr ref,Committed: QD v1
29,BME688 temp/humidity/pressure/gas sensor,Adafruit 5046,Sensing,1,board,In hand (invoice),Later (v1.5+),Environmental: gas/VOC + T/H/P. Complements PMSA003I (particulate). I2C STEMMA QT. Scope -> F8.,Adafruit/DigiKey,DK/Adafruit 3635011 (18 Feb 2026),Mfr ref,QD v1.5+ / reusable
30,DRV5032 digital Hall-effect sensor,Adafruit/ScoutMakes 6051,Sensing,2,board,In hand (invoice),Later / TBD,Magnet-presence switch. Overlaps reed (375). Likely front-module presence/keying. Confirm intent (Q4).,Adafruit/DigiKey,DK/Adafruit 3635011 (18 Feb 2026),Mfr ref,QD v1.5+ / reusable
31,"IR Break-Beam Sensor, 5mm LEDs",Adafruit 2168,Sensing,2,pair,In hand (invoice),Later (v1.5+),Emitter+detector beam-break (digital). Possible edge/tripwire/object-pass sense. Uses 3-pin JST-PH cable (3893).,Adafruit/DigiKey,DK/Adafruit 3635011 (18 Feb 2026),Mfr ref,QD v1.5+ / reusable
32,"DS3231 Precision RTC, STEMMA QT",Adafruit 5188,Sensing,2,board,In hand (invoice),Core (1); 2nd spare,Real clock for timestamping significance/decay. FIXED addr 0x68 -> TWO CANNOT SHARE A BUS (collide). See F12.,Adafruit/DigiKey,DK/Adafruit 3635011 (18 Feb 2026),Mfr ref,Committed: QD v1
33,Qwiic / STEMMA QT 5-Port Hub,Adafruit 5625,Sensing / Infra,1,board,In hand (invoice),Core,"Passive I2C fan-out (1->5). For UNIQUE-address devices. Use mux (not hub) for address-colliders (ToF, 2nd RTC).",Adafruit/DigiKey,DK/Adafruit 3635011 (18 Feb 2026),Mfr ref,Committed: QD v1
34,Perma-Proto half-sized breadboard PCB,Adafruit 1609,Wiring / Proto,6,board,In hand (invoice),Core,"Solderable proto substrate for the internal electronics stack (level shifter, ADC, hub mounting).",Adafruit/DigiKey,DK/Adafruit 3635011 (18 Feb 2026),Mfr ref,Committed: QD v1
35,"6mm 3MP Wide-Angle Lens, CS-mount",Adafruit 4563,Sensing / Camera,1,unit,In hand (invoice),Core,Wide lens for the Global Shutter Camera (CS mount). This is the 'wide-angle' from records.,Adafruit/DigiKey,DK/Adafruit 3635011 (18 Feb 2026),Mfr ref,Committed: QD v1
36,"Flex cable for Pi Camera, 24in / 610mm",Adafruit 1731,Sensing / Camera,1,cable,In hand (invoice),Core,Confirms the 24in camera flex from records. Fragile. Routes Pi CSI -> ridge camera.,Adafruit/DigiKey,DK/Adafruit 3635011 (18 Feb 2026),Mfr ref,Committed: QD v1
37,"STEMMA QT JST-SH 4-pin cables, assorted",Adafruit 5385/5384/4401/4210,Wiring,20,cable,In hand (invoice),Core,"This order: 400mm x4, 300mm x4, 200mm x4, 100mm x8. I2C chaining stock.",Adafruit/DigiKey,DK/Adafruit 3635011 (18 Feb 2026),Mfr ref,Committed: QD v1
38,STEMMA JST-PH 2mm 3-pin to male header cable,Adafruit 3893,Wiring,2,cable,In hand (invoice),Later,3-pin (not 4) - pairs with the IR break-beam sensors.,Adafruit/DigiKey,DK/Adafruit 3635011 (18 Feb 2026),Mfr ref,QD v1.5+ / reusable
39,"PCB Coaster, gold Adafruit logo",Adafruit 5719,Swag / non-build,1,unit,In hand (invoice),N/A (swag),Free promo item. Not a build part - logged for completeness.,Adafruit/DigiKey,DK/Adafruit 3635011 (18 Feb 2026),Mfr ref,-
40,"microSD card, 32GB (Pi OS)",CanaKit (SanDisk),Compute / Storage,1,card,In hand (photo),Core,Holds the OS. Abrupt power-off risks ext4 corruption -> graceful LVC shutdown and/or read-only rootfs (F14).,CanaKit (SanDisk),CanaKit kit X0001YXAG7L,Thread (doc shot),Committed: QD v1
41,CanaKit 2.5A microUSB power supply,CanaKit,Power / Support,1,unit,In hand (photo),Support (bench only),BENCH ONLY - powers Pi at desk. Rover Pi runs off D24V22F5 buck. Not a rover part.,CanaKit,CanaKit kit X0001YXAG7L,Thread (doc shot),Bench equipment
42,CanaKit black case (Pi 3),CanaKit,Compute / Support,1,case,In hand (photo),Support (not in rover),Pi uses the printed QD chassis instead. Case = bench/spare. (Kit heatsinks DO carry to rover - see F15.),CanaKit,CanaKit kit X0001YXAG7L,Thread (doc shot),Bench equipment
43,Rii mini X1 wireless keyboard/touchpad,Rii,Support,1,unit,In hand (photo),Support (bench tool),Bench input for Pi setup. Not a CanaKit item; not a rover part.,Rii,Owned (bench),Thread (doc shot),Bench equipment
44,37-in-1 Sensor Kit,RobotLinking 37-in-1,Sensing / Proto,1,kit,In hand (photo),"Bench/proto (not rover BOM, except picks)","Breadboard learning kit. MOSTLY REDUNDANT w/ owned gear (Hall->DRV5032; temp/RH->BME688; sound->SPH0645; reed->375; tilt/shock->BNO085). ROVER PICKS: IR reflectance (down=cliff/edge), shock/tilt (impact/tip) -> reflex layer via KB2040 (F16). Buzzer = only audio OUTPUT in inventory. [Library stock for future builds.]",RobotLinking,Batch photo,Thread (doc shot),Free - library
45,HC-SR501 PIR motion sensor,HC-SR501 (BISS0001),Sensing,5,unit,In hand (photo),Core candidate (at-rest only),"Pyroelectric presence of moving warm bodies = strongest 'otherness'/significance input. INVALID WHILE MOVING (self-motion->false triggers): use at-rest only, gate on zero-velocity (F17). Out=3.3V (Pi-safe, no shifter); VCC 5V; 30-60s warmup. Set delay pot min, jumper H. LWIR opaque to shell -> domes must be exposed (F17).",Generic,Batch photo,Thread (doc shot),Committed: QD v1
46,DHT11 / DHT22(AM2302) temp-humidity modules,DHT11 x5 + DHT22/AM2302 x2,Sensing,7,unit,In hand (photo),Bench/proto (redundant),"REDUNDANT w/ BME688 (better accuracy/speed + adds pressure/gas). Single-wire bit-bang = worst-case on a Pi (non-RT scheduler -> CRC fails). If ever used: KB2040 only, never Pi. DHT11 count ~5 (confirm). [Library stock for future builds.]",Generic,Batch photo,Thread (doc shot),Free - library
47,"Dupont jumper wires, assorted (F-F / F-M / M-M)",Generic,Wiring,3,bundle,In hand (photo),Bench/proto consumable,"For breadboard bring-up (validate sensors loose before solder/JST). Not rover BOM. [Library stock for future builds.] [+2 Elegoo kits (F-F/F-M/M-M) = qty 3; now includes M-M. F-M = Pi/breakout pins to breadboard, workhorse for sensor-bus bring-up.]",Generic,Batch photo,Thread (doc shot),Free - library
48,"Solar panel, mini poly ~68x37mm",RY9-38 (rating unmarked),Power,10,unit,In hand (photo); rating TENTATIVE,Library (not v1),"TOY BOX. Form factor confirmed (68x37mm). RATING NOT PRINTED -> measure Voc/Isc in sun (typical ~5-6V/30-60mA for size, verify). Condition: intact, solar ages well. QD: NOT v1 power (3S needs 12.6V + charge mgmt; naive solar->LiPo is unsafe); light-sensor role redundant w/ photoresistors. Good for standalone solar project. Provenance/rating: ask Darrell. [Library stock.]",Toy box (old stock),Batch photo,Front+back,Free - library
49,DIY Solar Power Box (self-built),Self-built; Stack-On case,Power / Equipment,1,unit,In hand (photo),Equipment (not QD),"Self-built portable solar power station. Components: Renogy PWM charge controller; 2x ExpertPower SLA ~12V 9Ah (EXP1290-class, AGM); fused distribution block; watt-meter/power analyzer; 3 panel rockers; sunvisor panels. CONDITION: electronics fine; SLA PAIR is aging risk -> sulfation if stored unmaintained; test rested V (>12.6 healthy) + load before trust; likely REPLACE. Vent before charging SLA in sealed steel box. QD: NOT a part (12V lead-acid vs 3S LiPo; controller is PbA-profiled). Usable as 12V bench/field supply; components harvestable.",Self-built (toy box),3 photos,Bench equipment,
50,"Relay module, 4-channel (opto-isolated)",Songle SRD-05VDC-SL-C x4,Power / Switching,1,board (4 relays),In hand (photo),Library (not QD),"5V coils; 10A 250VAC / 10A 30VDC SPDT; opto-isolated ACTIVE-LOW inputs; JD-VCC jumper isolates coil from logic power. CONDITION: fine (no electrolytics; relays/optos age well). QD: NO - wrong for DC mobile robot (coil ~80mA standing each = drain vs F13; can't PWM; QD switching is PWM->MOSFET or solid-state via TB6612 STBY). GOOD FOR: mains/AC switching, home automation (10A 250VAC + isolation). [Library stock.]",Toy box (old stock),Front only (no back stamp),Thread doc shot,Free - library
51,"Photoresistor, CdS (GL5528 likely)",Gikfun EK1412 (GL55xx),Sensing,20,pcs,In hand (photo),Candidate v1.5+ (light sense),~10-20k light / ~1M dark; analog via ADS1115. ON-THESIS as light-significance input (shadow/dusk/lights-on). NOTE: camera already gives luminance free; CdS slow/drifty; VEML7700/TSL2591 = precise route. Not v1 (F8 creep). CONDITION: fine. CdS=cadmium (RoHS; fine for hobby).,Toy box (old stock),ASIN X0016NAK9H,Thread doc shot,QD candidate (v1.5+)
52,"White LED emitter, round",Yootop (X001TL48LH),Output / Light,100,pcs,In hand (photo),Library (poss. 1-2 cam fill-light),"White, Vf ~3-3.4V (blue die + yellow phosphor). NOT addressable (!= WS2812 debug band). Exact bead wattage/package TENTATIVE (look small/low-power). QD: maybe 1-2 as low-light camera illumination; rest library. CONDITION: fine.",Toy box (old stock),ASIN X001TL48LH,Thread doc shot,Free - library
53,"Reed switch, glass axial (SPST-NO)",Generic glass reed (E383),Sensing,20,pcs (approx),In hand (CONFIRMED),Library / spare (dock-detect v1.5?),"CONFIRMED reed switches (close-up: overlapping blades + contact gap in glass envelope). ~20 pcs. Passive SPST-NO, closes near magnet, ZERO standing power, reads on GPIO+pullup (no ADC/I2C). QD: NOT v1 (core=cam+ToF+IMU). Best potential job = zero-power charging-dock presence detect (v1.5+); for moving-chassis magnetics DRV5032 Hall wins (solid-state, vibration-immune). See Q4. CONDITION: fine but FRAGILE glass - bend leads away from seal; store in clamshell.",Toy box (old stock),ASIN X002IVGXWJ / E383,Confirmed close-up shot,Free - library
54,"High-power COB LED, white ~50W",Generic COB (~40mm),Output / Light,1,pcs,In hand (photo),Library (NOT QD),"~40mm sq, ~100-die array, Vf ~30-34V, ~50W class (30-100W; no wattage stamp = TENTATIVE). Needs CC driver + real heatsink. QD: NO - 30V+ off 3S needs boost; flattens 2200mAh in minutes; cooks sealed body. GOOD FOR: floodlight/work light. CONDITION: fine.",Toy box (old stock),Front only,Thread doc shot,Free - library
55,"Trimmer pot, assorted 100R-100k",3362/3386-style (B taper),Passives / Bench,8,pcs (approx),In hand (photo),Bench/library (not QD),"Blue single-turn trimpots. Codes 101/102/103/104 = 100R/1k/10k/100k; B=linear. QD: NO native use (digital/I2C, nothing to trim). Bench/breadboard analog stock. CONDITION: fine (wipers look unused; contact cleaner if scratchy).",Toy box (old stock),Front only,Thread doc shot,Bench/library
56,ESP32 dev board w/ OLED (WiFi Kit 32),Heltec HTIT-WB32,Compute / Tools,1,pcs,In hand (photo),Bring-up tool (off-board telemetry),"ESP32 dual-core (WiFi+BT); 0.96"" SSD1306 OLED (I2C); CP2102 USB-UART; 8MB flash (W25Q64); onboard 1S LiPo charge + JST. QD: NOT compute (Pi+KB2040 cover brain+reflex; WiFi dup of Pi). Onboard OLED OFF-THESIS (screen reads as 'gadget'; LED band = creature-like affect, no literal readout). BEST USE: OFF-board wireless telemetry dashboard for bring-up (Pi -> WiFi/ESP-NOW -> OLED: live batt V / mode / significance, untethered). Ties Gate B / first power-on. CONDITION: fine.",Toy box (old stock),HTIT-WB32 (back silk),Thread doc shot,Bench/library
57,"ESP32 dev board, bare (WROOM-32)",ESP32 DevKit (generic),Compute / Tools,5,pcs,In hand (photo),Library / opt. bring-up remote,"ESP32-WROOM-32; WiFi+BT+BLE; micro-USB; CP2102 UART; AMS1117 3V3. NO OLED / NO LiPo charger (cf Heltec). QD: NOT compute (Pi+KB2040 settled; WiFi dup of Pi). No screen = not a dashboard. OPTIONAL: ESP-NOW manual-drive/override remote for bring-up (pairs w/ Heltec readout = untethered cockpit). NOT a safety e-stop - reflex stays onboard KB2040. Else general dev/library. CONDITION: fine. [+3 ESP32 DevKit V1 (WROOM-32, back-silk confirmed) added same verdict = qty 5 total.]",Toy box (old stock),ESP32 silk (module),Thread doc shot,Bench/library
58,ESP8266 dev board (NodeMCU + D1 Mini),HiLetgo NodeMCU x4 + Wemos D1 Mini x1,Compute / Tools,5,pcs,In hand (photo),Library / dev spare,"ESP8266MOD (ESP-12E); WiFi-ONLY (no BT/BLE); CP2102 UART; micro-USB; Vin 5V rec / 10V max; single-core, fewer GPIO than ESP32. QD: NOT compute (Pi+KB2040 settled; weaker than ESP32s already ruled out; WiFi dup of Pi). Speaks ESP-NOW so *could* be bring-up node/remote, but ESP32 is better - deeper-bench spare. MCU CATEGORY CLOSED/over-stocked: 3x ESP32 + 4x ESP8266 = 7 WiFi MCUs, none on QD; any further WiFi MCU = same verdict. CONDITION: fine (straighten bent header pins). [+1 Wemos/LOLIN D1 Mini (ESP8266, compact FF w/ LOLIN shield ecosystem) = qty 5. Same verdict.]",Toy box (old stock),HiLetgo silk (back),Thread doc shot,Bench/library
59,Arduino Uno/Nano (ATmega328P),1 genuine Uno (Italy) + IEIK/Elegoo Uno + 3x Elegoo Nano V3 + 1 Elegoo Uno R3,Compute / Tools,7,pcs,In hand (photo),Library / bench / learning,"ATmega328P; 8-bit AVR; 16MHz; 5V logic; 32KB flash / 2KB RAM; 14 DIO / 6 AIN; USB-B. QD: NOT compute (Pi+KB2040 settled). 8-bit/5V = weaker + needs level-shift to 3.3V Pi, AND this is the Arduino/AVR toolchain the project deliberately moved OFF of -> KB2040/CircuitPython was the right call. Good = 5V bench workhorse / learning. Genuine Italy unit = real ATmega16U2 USB + keepsake; IEIK/Elegoo = CH340 clones (equal workhorses). MCU now overstocked across ALL families (AVR + ESP8266 + ESP32); QD uses 2 boards total. CONDITION: fine; electrolytics only age-sensitive part, no bulge/leak. [+3x Elegoo Nano V3.0 (same ATmega328P, small format) = qty 6 total. Small footprint does NOT earn a chassis seat: still 8-bit/5V, needs level-shift to 3.3V Pi, KB2040 owns reflex on better toolchain.] [+1 more Elegoo Uno R3 = qty 7. Same verdict: AVR bucket, not QD.]",Toy box (old stock),Board silk (front),Thread doc shot,Bench/library
60,"Raspberry Pi Pico (RP2040, non-W)",Raspberry Pi Pico (c)2020,Compute / Tools,1,pcs,In hand (photo),QD bench tool - reflex dev twin,"RP2040 (SAME silicon as KB2040); NON-wireless (no Pico-W shield = correct, no radio on a reflex co-pro). Micro-USB, BOOTSEL, 26 GPIO broken out on 0.1in grid, 3x ADC. QD ROLE (real, not library): bench TWIN for reflex-layer dev - same chip + same CircuitPython toolchain as KB2040, but roomy/easy to probe. Develop+debug reflex here -> deploy validated code to KB2040 (flight HW). Does NOT replace KB2040 in chassis (KB2040 won on size/USB-C/STEMMA-QT; Pico too big for pill). CONDITION: fine.",Toy box (old stock),Pico silk (front),Thread doc shot,QD bench tool
61,USB-serial adapter (FTDI FT232RL),FT232RL breakout (HW-417),Compute / Tools,1,pcs,In hand (photo),QD bench tool - Pi serial console,"FT232RL USB-to-UART bridge (NOT an MCU). 6-pin FTDI header DTR/RXD/TXD/VCC/CTS/GND; SELECTABLE 3.3V/5V jumper; mini-USB. QD ROLE (real, not library): serial CONSOLE into Pi for headless bring-up/debug (Pi UART GPIO14 TX / GPIO15 RX) = boot msgs, kernel logs, login prompt, ZERO network dependency. Best low-level debug for a headless robot. ** CRITICAL: jumper to 3.3V (Pi UART is 3.3V, NOT 5V-tolerant; 5V damages GPIO). ** Aside: some FT232RL boards = clone chips; fine on Linux/Pi, may no-show on Windows. CONDITION: fine.",Toy box (old stock),FT232RL + HW-417 silk,Thread doc shot,QD bench tool
62,TP4056 1S Li charger (protected),TP4056+DW01A+8205A (03962A),Power / Switching,10,pcs,In hand (photo),Library (power shelf) - NOT QD power,"1S (single-cell 3.7/4.2V) Li-ion/LiPo charger, PROTECTED (DW01A over-dis/over-cur + 8205A dual MOSFET). Micro-USB in; B+/B- cell, OUT+/OUT- protected load; ~1A default (Rprog-set); 4.2V CC/CV; red/blue LEDs. QD: NOT main power - pack is 3S (11.1V), needs iMAX B6 BALANCE charger (1S charger CAN'T do 3S; wrong class). Nearest hook=1S backup cell for F14 hold-up, BUT TP4056=charger not power-path/UPS, AND read-only rootfs is simpler F14 fix -> hook doesn't land. Joins power-shelf library (solar panels, relay bd). CONDITION: fine (no electrolytics).",Toy box (old stock),03962A silk,Thread doc shot,Free - library
63,Arduino MKR WiFi 1010 + Nano 33 IoT,Genuine Arduino (SAMD21 + u-blox NINA-W102),Compute / Tools,2,pcs (1 each),In hand (photo),Bench/library - capable 3.3V spares,"SAMD21 Cortex-M0+ 32-bit @48MHz, 3.3V native; WiFi+BT (NINA-W102=ESP32 inside); crypto chip. MKR=LiPo JST+charger; Nano 33 IoT=onboard LSM6DS3 6-axis IMU. NOTE: run CircuitPython (same toolchain as KB2040) - NOT the AVR/C++ env that fought the build; do NOT lump w/ Unos. QD: NOT compute (Pi=vision brain, KB2040=reflex & faster dual-core 133MHz; WiFi dups Pi). Mild angle: self-contained 3.3V wireless nodes (opt ESP-NOW remote/sensor node); Nano33 IMU neat but BNO085 better+committed. VALUE: genuine Italian (~$30-40 ea) = good spares, keep separate from clones. CONDITION: fine.",Toy box (old stock),Board silk (back),Thread doc shot,Bench/library (capable)
64,GPS receiver (GT-U7) + patch antenna,GoouuTech GT-U7 + SIM39EA ant,Sensing,1,set,In hand (photo),Library (NOT QD) - GPS poor fit,"NEO-6M-class GNSS rx; NMEA over UART (~9600 default); micro-USB for PC test; 5-pin hdr (VCC/RX/TX/GND/PPS); SIM39EA ceramic patch antenna via u.FL. QD: POOR FIT - (1) needs sky view, won't fix indoors where rover lives; (2) SCALE: GPS ~meters vs QD=180mm robot in a ~few-m room -> can't localize within a room even outdoors. QD localization = camera+ToF+IMU+encoders. Precise-time redundant w/ DS3231 RTC (& needs a fix). Caveat: outdoor QD variant would change this. GOOD FOR: outdoor tracker/datalogger/GPS clock. CONDITION: fine; u.FL delicate.",Toy box (old stock),GT-U7 silk / ASIN X002GN4LMD,Thread doc shot,Free - library
65,Adafruit Circuit Playground Express,Adafruit CPX (ATSAMD21),Compute / Tools,2,pcs,In hand (photo),QD bench tool - LED-band/behavior dev,"SAMD21 @48MHz, 3.3V, CircuitPython; Adafruit ecosystem (same as KB2040/sensors). Onboard: 10x NeoPixel (WS2812!), LIS3DH accel, light/temp/sound sensors, IR tx/rx, 2 btn, slide sw, speaker, touch. 'Developer Edition'=dev variant, same fn. QD: NOT compute/component (Pi+KB2040 settled; fixed round bd doesn't fit pill/arch). REAL ROLE: prototype the LED DEBUG-BAND at desk - 10 onboard NeoPixels = same WS2812 + same `neopixel` lib as QD band; develop/tune idle/attention/engaged/fault/reflex states+animations, then port. Also rough behavior sketchpad (onboard accel/mic/light to rehearse significance->affect loop). 3rd bench-kit tool (w/ Pico reflex-dev, FTDI Pi-console). CONDITION: fine.",Toy box (old stock),CPX silk (back),Thread doc shot,QD bench tool
66,Env sensor BME280/BMP280,"GY-BME/BMP280 (GYBMEP, I2C)",Sensing,1,pcs,In hand (photo),Library (NOT QD) - redundant,"I2C temp/pressure(/humidity). QD: REDUNDANT - committed BME688 is a STRICT SUPERSET (temp/press/humidity + gas/VOC). Adds nothing over a better part already owned (cf DHT11/22). CAVEAT: purple GYBMEP boards often actually BMP280 (NO humidity) despite 'BME' silk - verify by chip ID (0x60=BME280, 0x58=BMP280). CONDITION: fine.",Toy box (old stock),GYBMEP silk,Thread doc shot,Free - library
67,0.96in OLED display (SSD1306),SSD1306 0.96in I2C (0x78/0x7A),Output / Light,1,pcs,In hand (photo),Library (NOT QD) - off-thesis screen,"I2C 128x64 OLED, addr 0x78/0x7A selectable. QD: OFF-THESIS onboard (same call as Heltec screen) - text screen reads as 'gadget/interface'; QD signals state via LED band as ambient affect, not a readout. Do NOT put on chassis. Off-board = fine display for bench readout/dashboard, but Heltec already covers that. CONDITION: fine (handle gold ribbon/flex gently).",Toy box (old stock),0.96 OLED silk,Thread doc shot,Bench/library
68,16x2 character LCD (HD44780),QAPASS 1602A (bare parallel),Output / Light,1,pcs,In hand (photo),Library (NOT QD) - off-thesis screen,"16x2 char LCD, HD44780-compatible, blue backlight, BARE 16-pin PARALLEL (no I2C backpack). QD: OFF-THESIS onboard (same call as OLED/Heltec - char readout = max 'gadget'; QD speaks via LED band). LESS useful than OLED even on bench: wants 6+ GPIO (or add PCF8574 backpack), 5V, needs contrast trimpot on V0. I2C OLED is better bench display. CONNECTION: the blue trimmers logged earlier = the V0 contrast pot for this. CONDITION: fine.",Toy box (old stock),QAPASS 1602A silk,Thread doc shot,Free - library
69,Data logging shield (SD + DS1307 RTC),Deek-Robot Data Logging Shield V1.0 (HW-169),Compute / Tools,1,pcs,In hand (photo),Library (NOT QD) - redundant + wrong FF,"Arduino UNO SHIELD: full-size SD slot (SPI, 74HC125 level-shift) + DS1307 RTC (I2C 0x68, CR1220 backup) + proto area. QD: NOT QD - (1) UNO shield FF; QD=Pi+KB2040, nothing to stack on; (2) RTC redundant+INFERIOR: committed DS3231 is TCXO +/-2ppm vs DS1307 bare-xtal (drifts min/month), same addr 0x68 collide (F12); (3) SD redundant: Pi has own boot/storage SD. ** F14 TRAP: this SD slot does NOT fix F14 (Pi's-own-SD corruption) - different card/bus, unrelated; fix is read-only rootfs / graceful shutdown. ** GOOD FOR: Arduino datalogger. CONDITION: fine (needs CR1220 if RTC used).",Toy box (old stock),Deek-Robot silk (back),Thread doc shot,Free - library
70,Seeeduino XIAO (SAMD21),Seeed Studio XIAO SAMD21,Compute / Tools,3,pcs,In hand (photo),Bench/library - capable 3.3V spare,"SAMD21 Cortex-M0+ @48MHz, 3.3V, USB-C, CircuitPython; TINY (~20x17.5mm) castellated; genuine Seeed. Capable-spares class (w/ MKR/Nano 33); NOT AVR bucket. QD: NOT compute (Pi+KB2040 settled; KB2040=RP2040 dual-core 133MHz, faster + STEMMA QT). NOT a reflex-dev twin like Pico - DIFFERENT chip (SAMD21 vs KB2040's RP2040), code not drop-in -> spare, not bench tool. Tiny size doesn't unlock QD role (no 3rd-MCU slot; can't displace faster KB2040). Deepens overstocked MCU shelf. CONDITION: fine.",Toy box (old stock),Seeeduino XIAO silk (back),Thread doc shot,Bench/library (capable)
71,Tiny RTC I2C module (DS1307 + EEPROM),DS1307 + AT24C32 (Tiny RTC),Sensing,5,pcs,In hand (photo),Library (NOT QD) - redundant/inferior RTC,"DS1307 RTC + 32.768kHz xtal + AT24C32 4KB I2C EEPROM (0x50) + LIR2032 coin holder. QD: NOT QD - same as logging-shield RTC: DS1307 redundant+INFERIOR to committed DS3231 (TCXO +/-2ppm vs bare-xtal drift min/month), same addr 0x68 collide (F12). EEPROM=minor library bonus. GOTCHA: board has LIR2032 *rechargeable* charge circuit - do NOT fit a plain CR2032 (will try to charge non-rechargeable cell); use LIR2032 or disable charge R. 3rd inferior-RTC sighting (logging shield, GPS-time, now 5x); timekeeping settled on DS3231. CONDITION: fine (holders empty).",Toy box (old stock),Tiny RTC silk,Thread doc shot,Free - library
72,nRF24L01+ 2.4GHz transceiver,Nordic nRF24L01+ module,Compute / Tools,2,pcs,In hand (photo),Library (NOT QD) - radio redundant w/ Pi WiFi,"2.4GHz GFSK transceiver, SPI (CE/CSN/SCK/MOSI/MISO/IRQ), 3.3V VCC (NOT 5V; logic inputs 5V-tol), ~1-2Mbps, PCB antenna. QD: NOT QD - wireless link redundant w/ Pi built-in WiFi/BT (cf ESP radios). For optional bring-up remote, ESP-NOW on earmarked ESP32s is easier (built-in vs host-MCU+stack at BOTH ends). GOTCHA: classic TX brownout - add 10uF cap across VCC/GND (left module looks already reworked w/ cap). GOOD FOR: low-power custom RF link / wireless sensor node / RC. CONDITION: fine (left hand-soldered, cosmetic).",Toy box (old stock),nRF24L01 silk + 16MHz xtal,Thread doc shot,Free - library
73,ESP32-CAM + OV2640 camera,AI-Thinker ESP32-CAM (ESP32-S + OV2640),Sensing,2,sets,In hand (photo),Library (NOT QD) - inferior cam + redundant compute,"AI-Thinker ESP32-CAM: ESP32-S (WiFi+BT) + OV2640 2MP cam + microSD + LED flash + 4MB PSRAM; NO onboard USB (flash via ext USB-serial -> the FTDI). 2 boards + 2 OV2640. QD: NOT QD - (1) NOT compute: Pi=vision brain; ESP32 can't run attention/significance vision; (2) NOT camera: QD uses GLOBAL-SHUTTER (#5702) deliberately - moving robot needs it (no rolling-shutter motion jello on the very motion she attends to); OV2640=rolling-shutter, lower-res, parallel DVP (incompatible w/ Pi CSI); (3) NOT a vision-dev twin (too weak, wrong sensor/toolchain - unlike CPX/NeoPixel). USE: self-contained cheap WiFi cam (webcam/wildlife). Mild QD-adjacent: EXTERNAL observation cam watching QD during bring-up (3rd-person debug), not part of robot. CONDITION: fine.",Toy box (old stock),ESP32-CAM silk + OV2640 flex,Thread doc shot,Free - library
74,microSD card module (SPI),HW-125 (74VHC125 buffer + 3.3V reg),Storage,5,modules,In hand (photo),Library (NOT QD) - Pi has native SD; does NOT fix F14,"SPI microSD breakout: GND/VCC/MISO/MOSI/SCK/CS; onboard 3.3V reg + 74VHC125 buffer (5V-Arduino friendly). 5 units, look new. QD: NOT QD - (1) Pi boots/logs via its OWN native SD slot (row 44), far faster than SPI + already in design; SPI SD is for compute WITHOUT an SD slot. (2) KB2040 reflex co-pro doesn't journal to disk - logging lives on Pi. (3) TRAP: does NOT fix F14 (SD-corruption-on-abrupt-poweroff) - that's a filesystem fix (read-only rootfs / graceful shutdown), not a hw-shortage; a 2nd card = a 2nd thing to corrupt. Same trap as the data-logging shield. USE: classic standalone-MCU datalogger (pair w/ DS3231 + sensor + AVR/ESP, no PC). CONDITION: fine/new.",Toy box (old stock),HW-125 silk + 'MicroSD Card Adapter' back,Thread doc shot,Free - library
75,Micro servo 9g (SG90-class),"Smraza S51 (analog, plastic gear, ~180deg positional)",Actuation,10,servos,In hand (photo),QD v1.5 CANDIDATE - camera ridge articulation (pan/tilt),"SG90-class 9g analog micro servo, positional ~180deg, plastic gears, horns+screws incl. 10 units. QD: REAL HIT (not library). v1.5 articulation is locked = pan +-90-120 / tilt sky-biased, ridge moves as unit, SERVOS IN BODY via linkage/pushrod -> 2 servos. Use 2 + 8 spare/proto. CAVEATS for FLIGHT build (truth over comfort): (1) cheap analog 9g jitter/hunt/buzz - works against QD's deliberate legible-motion premise; consider DIGITAL METAL-GEAR micro servo for flight (smooth/quiet/repeatable). (2) plastic gears back-drive/strip on shock-load (bump) -> MG90S-class more robust. (3) servo current spikes (stall ~0.5-0.7A ea) + noise -> own buck/rail w/ decoupling, NOT sensor rail (ties F13). (4) pan +-120 (240deg) exceeds ~180deg throw -> gear via linkage ratio or settle +-90. These = ideal PROTOTYPING servos; flight servo TBD (see F18). Verify positional (not continuous) - horns/label indicate positional. CONDITION: new.",Toy box (old stock),Smraza S51 'Micro Servo 9g' label,Thread doc shot,QD v1.5 - articulation (2 + spares)
76,18650 battery holder (1S),"Single-cell 18650, 3.7V, flying leads",Power,10,holders,In hand (photo),Library (NOT QD) - power locked on 3S LiPo,"Single-18650 holder, 3.7V (1S), spring contact + red/black leads. 10 units, new. QD: NOT QD - power is LOCKED on 3S LiPo (Zeee 2200mAh) + iMAX charger; these are 1S holders (wrong series config) and re-opening battery chemistry now = regression. USE: general power-shelf stock (battery banks, any 3.7V project; 3x in series would make ~11.1V but QD already has its pack). Joins the self-sorting power library (w/ solar gear). CONDITION: new.",Toy box (old stock),'3.7V 18650X1' molding + bag of ~10,Thread doc shot,Free - library (power shelf)
77,Magnetic reed switch set (housed),"Door/window-alarm type, ASIN B07YVG637M",Sensing,5,sets,In hand (photo),Library (NOT QD) - Q4 resolved; bulky door-alarm type,"HOUSED reed switch + magnet block sets (screw-terminal door/window alarm style) - NOT the bare glass reeds logged earlier. 5 sets, new. QD: NOT QD - ties Q4 (RESOLVED): DRV5032 Hall = on-chassis magnetic sensor of record (solid-state, vibration-immune); reeds = library/spare for possible v1.5 zero-power dock-detect. These housed sets are EVEN LESS QD-suited than bare reeds: bulky, built to screw on a doorframe, won't embed in 72mm pill. If dock-detect ever built, bare glass reeds are the better candidate. USE: door/window sensing (as sold). CONDITION: new.",Toy box (old stock),'5Sets Magnetic Reed Switch' label B07YVG637M,Thread doc shot,Free - library
78,Heat-set threaded inserts (M2/M3/M4/M5),ruthex 270pc (brass) ASIN X003E0A4VK7,Chassis / Fasteners,1,kit (270pc),In hand (photo),Core,"ruthex brass heat-set inserts: M2 70 / M3 100 / M4 50 / M5 50. THE method for threads in printed parts (melt insert into PETG/ASA -> metal threads for screws). M3x100 = workhorse for QD modular shells. NOTE (F7): kit has M2/M3/M4/M5 but NOT M2.5 - Pi is M2.5, so this does NOT close the two-fastener-systems flag; Pi still uses Geekworm M2.5 kit (row 22). Matches 'ruthex inserts' from procurement - now logged. CONDITION: new.",3DPrintersBay / Amazon,ruthex 270pc label,Thread doc shot,Committed: QD v1
79,M3 socket-head screw kit (304 SS),VGBUY 600pc,Chassis / Fasteners,1,kit (600pc),In hand (photo),Core,"M3 socket-head cap screws, 304 stainless: M3x6/8/12/20/25/30 + 150 M3 nuts + 300 lock/flat washers. M3 = QD chassis standard. SHORT lengths (6-12mm) join shell modules into heat-set inserts = the QD-relevant part. 20-30mm + nuts = overflow (heat-set insert IS the nut, nuts rarely needed). Matches 'M3 screws' from procurement - now logged. CONDITION: new.",Amazon (VGBUY),VGBUY 600pc label,Thread doc shot,Committed: QD v1
80,M4 brass hardware (inserts or standoffs?),"A010-180, 'Brass M4 180pcs' ASIN X0022W2SAF",Chassis / Fasteners,180,pcs,In hand (photo),Library (NOT QD) - M4 off the M3 standard,TENTATIVE ID: closed box labeled 'Brass M4 180pcs' - could be M4 brass heat-set INSERTS (short knurled barrels) or M4 STANDOFFS (longer hex pillars). Opening settles it. Either way LIBRARY: M4 is off QD's M3 chassis standard (+ M2.5 Pi); nothing in QD design calls for M4. General fastener stock. CONDITION: new.,Amazon,A010-180 label,Needs clean shot (open box to ID),Free - library
81,"BJT transistor assortment, 675pc",Hilitchi 675pc (15 values x45) ASIN X001DQ71SZ,Discrete semis,1,kit (675pc),In hand (photo),Library - general small-signal stock,"Through-hole BJT assortment: ~15 values incl 2N2222/2N3904/2N3906/C1815/A1015/S8050/S8550/S9012-S9015 etc, 45 ea. QD: not a SPECIFIED part - switching lives in integrated parts (TB6612 motors, BSS138 level-shift). But ideal general bench stock for occasional small-signal switching. Library. CONDITION: new.",Amazon (Hilitchi),Hilitchi 675pc transistor label,Thread doc shot,Free - library
82,"Power MOSFET kit, 50pc (10 values)","BOJACK (IRF/IRFP series, TO-220) ASIN X001...",Discrete semis,1,kit (50pc),In hand (photo),Library - power switching; mostly non-logic-level,"10 values x5: IRF540N/640N/740/840/3205/9540N/Z44N/IRFP260/460 class TO-220 POWER MOSFETs. QD: not needed - motors handled by TB6612; most of these are NON-logic-level (want ~10V gate, won't switch cleanly from 3.3/5V w/o gate driver). General power-switching / DIY H-bridge stock. Library. CONDITION: new.",Amazon (BOJACK),BOJACK 50pc MOSFET label,Thread doc shot,Free - library
83,Resistor kit (through-hole assortment),Elegoo,Passives,1,kit,In hand (photo),Library - USEFUL QD bench stock,"TH resistor assortment (multi-value). Library but genuinely used during QD bring-up: I2C pull-ups, LED current-limit (band proto), reflex-input pull-downs. CONDITION: fine.",Amazon (Elegoo),Elegoo Resistor Kit box,Thread doc shot,Free - library (bench)
84,"Ceramic capacitor kit, 600pc (15 val)",BOJACK 10pF-100nF,Passives,1,kit (600pc),In hand (photo),Library - USEFUL QD bench (decoupling),"TH ceramic disc caps 10pF-100nF, 15 values x40. Library but = QD's DECOUPLING/BYPASS stock (the '100nF across supply pins' for servos/nRF brownout/sensor rails). CAVEAT: tops out 100nF - BULK decoupling (10uF+ near buck/servos) needs electrolytic/tantalum sourced separately. CONDITION: fine.",Amazon (BOJACK),BOJACK Ceramic Capacitor Kit box,Thread doc shot,Free - library (bench)
85,DIP IC assortment (analog/audio jellybean),"LM358/324/339/393,NE555,ULN2003/2803,LM386,TDA,UC384x,PT2399,JRC4558 +DIP sockets",Discrete/IC,1,kit,In hand (photo),Library (NOT QD) - different domain,"TH DIP assortment: op-amps (LM358/324/339/393,NE5532,JRC4558), 555 timer, Darlington arrays (ULN2003/2803), audio amps (LM386,TDA2030/2822), SMPS PWM (UC3842/3843), opto (PC817), ICL7660, PT2399 echo; + DIP sockets 4-18P. QD: NOT QD - analog/audio domain; QD analog sensing = ADS1115 I2C ADC, motors = TB6612; no discrete op-amps/timers/Darlingtons in design. Good library to own. CONDITION: fine.",Amazon,IC assortment chart box,Thread doc shot,Free - library
86,"Potentiometer kit, 60pc (B5K-B100K)","SWPEET, panel pots w/ knobs/nuts/washers ASIN X002CTQP4N",Passives / Controls,60,pcs,In hand (photo),Library (NOT QD) - off-thesis (no knobs),"Linear panel pots B5K/10K/20K/50K/100K + knobs/nuts/washers. QD: NOT QD - QD is autonomous, has NO human knobs (expresses via LED band) - same reason as trimmer pots (row 59). Mild bench use: hand-tunable analog test input into an ADC. Distinct from row 59 (those=tiny trimmers; these=full panel pots). CONDITION: new.",Amazon (SWPEET),SWPEET 60pc Potentiometer box,Thread doc shot,Free - library
87,5mm LED assortment (assorted colors),DiCUNO,Indicators,1,kit,In hand (photo),Library - bench indicators (NOT the band),"5mm TH LEDs, assorted colors. QD: does NOT displace QD's debug band = WS2812 addressable RGB (data-driven). These=dumb single-color TH LEDs for breadboard status blinks during bring-up. Distinct from row 56 (white-only emitters). Library/bench. CONDITION: fine.",Amazon (DiCUNO),DiCUNO 5mm LED box,Thread doc shot,Free - library (bench)
88,Electrolytic capacitor assortment (2 kits),RexQualis 696pc (0.1-2200uF) + CTR 500pc (0.1-1000uF),Passives,2,kits,In hand (photo),Library - USEFUL QD bench (BULK decoupling),"Radial electrolytic assortments: RexQualis 24-val 696pc 0.1-2200uF + CTR 24-val 500pc 0.1-1000uF (10-50V). Library but = the BULK decoupling flagged last turn (ceramic kit topped at 100nF). These = the 10-1000uF cans across buck output / servo rail / motor-driver supply to absorb current spikes (ties F13, F18). Two kits overlap = deep redundant supply. CAVEAT: electrolytics AGE (dry out / lose C / leak) unlike ceramics - look fresh now; if any sit for years, verify/reform before trusting on a rail that matters. CONDITION: appears new.",Amazon (RexQualis / CTR),RexQualis 696 + CTR 500 charts,Thread doc shot,Free - library (bench)
89,"Inductor kit, 200pc (20 value, 1W axial)",BOJACK,Passives,1,kit (200pc),In hand (photo),Library (NOT QD) - buck modules self-contained,"TH axial color-band inductors, 20 values, 1W (1uH-1mH range). QD: NOT QD - discrete inductors = for DIY SMPS / LC filters; QD power = ready-made buck modules (Pololu D24V22F5) with inductors onboard. Not building switching supplies from scratch. General library stock. CONDITION: fine.",Amazon (BOJACK),BOJACK 200pc Inductor Kit box,Thread doc shot,Free - library
90,Digital multimeter (basic),GE2524 w/ probes,Bench tool,1,meter,In hand (photo),QD BENCH TOOL - essential bring-up,"Basic pocket DMM: V/A/ohm/diode/continuity (no cap/freq). First meter in inventory. Essential QD bring-up: buck output V before connecting Pi, pack V, 3.3/5V rails, joint continuity, polarity checks. Adequate for QD's checks. CONDITION: working.",Existing / bench,GE2524 body,Thread doc shot,QD bench tool
91,Solderless breadboards (assorted),Full 830pt / half 400pt / mini / power-rail strips,Bench tool,8,approx,In hand (photo),Bench library - SIGNAL/LOGIC only (not power),"~8 assorted solderless breadboards (830pt full, 400pt half, mini, power-rail strips). Proto-phase stock - distinct from row 38 Perma-Proto (those=SOLDERED). Workflow: breadboard I2C sensor bus / KB2040 / LED-band logic here, then commit working circuit to soldered Perma-Proto. CAVEAT: signal/logic ONLY - keep MOTOR/SERVO POWER off breadboards (spring-contact resistance can't carry motor amps; power path = soldered/direct from the start). Qty approx. CONDITION: fine.",Existing / bench,8+ boards in photo,Thread doc shot (approx count),Free - library (bench)
92,"DC bench power supply (adjustable, CV/CC)",Tacklife MDC02,Bench tool,1,PSU,In hand (photo),QD BENCH TOOL - safe bring-up (CC limit),"Adjustable single-output DC supply, CV/CC, V+A readout, fine/coarse, banana out. HIGH VALUE for QD: (1) CC current-limit = SAFE first power-on (clamps current on a fault instead of frying Pi/sensors). (2) Develop entire stack OFF the LiPo - dial 11.1V to stand in for 3S pack, or 5V/3.3V sub-rails - keeps pack fire/over-discharge out of the dev loop (de-risks F3/F14/brownout). CAVEAT: verify max current on label (~5A class); 2x motor STALL ~5-6A could hit the limit -> CC dips rail. Fine for logic/sensor/normal-run. CONDITION: working.",Existing / bench,Tacklife MDC02 front,Thread doc shot,QD bench tool
93,"Oscilloscope, 2ch 100MHz 1GSa/s (DSO)","Hantek DSO5102P (+probe, test leads)",Bench tool,1,scope,In hand (photo),QD BENCH TOOL - signal-integrity debug,2-ch 100MHz 1GSa/s digital storage scope. THE signal-integrity instrument - maps onto QD flags: I2C SDA/SCL rise-times + clock-stretch (F10) + addressing (F12); WS2812 LED-band 800kHz timing (F9); encoder quadrature levels + level-shift (F1); motor/servo PWM freq/duty (F18); supply rail noise + decoupling verification (F13). 100MHz/2ch well-matched to all QD signals; 2ch covers most debug (4ch rarely needed). Incl scope probe + red/blk test leads. CONDITION: working.,Existing / bench,Hantek DSO5102P front,Thread doc shot,QD bench tool
